nombre,categoria,subcategoria,precio_neto,precio_final_iva_incl,costo,sugerencia_servicio_10,es_menu_cliente
GINGER MINT LEMONADE,BEBIDAS,BEBIDAS SIN ALCOHOL,2920.35,3300,339,SI,SI
TE FRIO CASERO,BEBIDAS,BEBIDAS SIN ALCOHOL,2920.35,3300,133,SI,SI
COCA COLA,BEBIDAS,BEBIDAS SIN ALCOHOL,1681.42,1900,375,SI,SI
COCA ZERO,BEBIDAS,BEBIDAS SIN ALCOHOL,1681.42,1900,375,SI,SI
GINGER ALE,BEBIDAS,BEBIDAS SIN ALCOHOL,1681.42,1900,375,SI,SI
BOTELLA LA POSTOLLE CABERNET SAUV,BEBIDAS,VINOS,22124.0,25000,9772,SI,SI
COPA MERLOT,BEBIDAS,VINOS,3539.86,4000,700,SI,SI
PILSEN,BEBIDAS,CERVEZAS,2477.88,2800,800,SI,SI
IMPERIAL,BEBIDAS,CERVEZAS,2477.88,2800,800,SI,SI
CORONA,BEBIDAS,CERVEZAS,3008.85,3400,833,SI,SI
CAS COOLER,BEBIDAS,BEBIDAS SIN ALCOHOL,2920.35,3300,1400,SI,SI
MOJITO,BEBIDAS,COCTELES CLASICOS,5132.74,5800,1833,SI,SI
BERNARD,BEBIDAS,COCTELES DE AUTOR,5752.21,6500,1212,SI,SI
SATORI,BEBIDAS,COCTELES DE AUTOR,5752.21,6500,1350,SI,SI
PERFUMED FIRE,BEBIDAS,COCTELES DE AUTOR,5752.21,6500,1838,SI,SI
CUCUMBER SPECIAL,BEBIDAS,COCTELES DE AUTOR,5752.21,6500,936,SI,SI
LOW TIDE,BEBIDAS,COCTELES DE AUTOR,5752.21,6500,1156,SI,SI
DAIKIRI FRESA   PIÑA,BEBIDAS,COCTELES CLASICOS,5132.74,5800,1611,SI,SI
CAIPIRINHA,BEBIDAS,COCTELES CLASICOS,5132.74,5800,960,SI,SI
GIN TONIC,BEBIDAS,COCTELES CLASICOS,5132.74,5800,1198,SI,SI
MARGARITA,BEBIDAS,COCTELES CLASICOS,5132.74,5800,1008,SI,SI
CUBA LIBRE,BEBIDAS,COCTELES CLASICOS,5132.74,5800,863,SI,SI
BANANA FLAMBEADA,POSTRES,POSTRES,4336.28,4900,0,SI,SI
CREPE,POSTRES,POSTRES,4336.28,4900,1364,SI,SI
HOSOMAKI SALMON,SUSHI ROLLS,HOSOMAKIS,4601.77,5200,749,SI,SI
HOSOMAKI ATUN,SUSHI ROLLS,HOSOMAKIS,4159.29,4700,616,SI,SI
HOSOMAKI PARGO,SUSHI ROLLS,HOSOMAKIS,4601.77,5200,829,SI,SI
HOSOMAKI AGUACATE,SUSHI ROLLS,HOSOMAKIS,3539.82,4000,505,SI,SI
SASHIMIS SALMON,SUSHI ROLLS,SASHIMIS,5132.74,5800,975,SI,SI
SASHIMIS ATUN,SUSHI ROLLS,SASHIMIS,4601.77,5200,707,SI,SI
SASHIMIS PARGO,SUSHI ROLLS,SASHIMIS,4778.76,5400,1133,SI,SI
SASHIMIS MIX,SUSHI ROLLS,SASHIMIS,8761.06,9900,2254,SI,SI
CALIFORNIA ROLL,SUSHI ROLLS,ROLLS,5929.2,6700,1209,SI,SI
IM VEGGIE ROLL,SUSHI ROLLS,ROLLS,6017.7,6800,789,SI,SI
SPICY TUNA ROLL,SUSHI ROLLS,ROLLS,6548.67,7400,1146,SI,SI
RAINBOW ROLL,SUSHI ROLLS,ROLLS,7699.12,8700,1537,SI,SI
SATORI ROLL,SUSHI ROLLS,ROLLS,7876.11,8900,1758,SI,SI
IM VEGAN,SUSHI ROLLS,ROLLS,6460.18,7300,654,SI,SI
I LOVE SANTA ROLL,SUSHI ROLLS,ROLLS,6902.65,7800,1530,SI,SI
ON HOLYDAYS ROLL,SUSHI ROLLS,ROLLS,7876.11,8900,1428,SI,SI
UNAGUI ROLL,SUSHI ROLLS,ROLLS,6194.69,7000,3048,SI,SI
ALASKA ROLL,SUSHI ROLLS,ROLLS,8141.59,9200,1606,SI,SI
EDDIE WOULD GO ROLL,SUSHI ROLLS,ROLLS,8407.08,9500,4057,SI,SI
THE SNAPPER ROLL,SUSHI ROLLS,ROLLS,7433.63,8400,1910,SI,SI
PHILLY,SUSHI ROLLS,ROLLS,4247.79,4800,1186,SI,SI
NIGIRI ABURI  DORADO  x 6,SUSHI ROLLS,NIGIRIS,10000.0,11300,2100,SI,SI
NIGIRI YAKI  ATUN  x 6,SUSHI ROLLS,NIGIRIS,9734.51,11000,1450,SI,SI
EDAMAMES,TAPAS ASIATICAS,TAPAS ASIATICAS,4247.79,4800,1278,SI,SI
SOPA MISO,TAPAS ASIATICAS,TAPAS ASIATICAS,3451.33,3900,458,SI,SI
CAMARONES TEMPURA,TAPAS ASIATICAS,TEMPURAS,6106.19,6900,2347,SI,SI
CALAMARES TEMPURA,TAPAS ASIATICAS,TEMPURAS,5486.73,6200,1165,SI,SI
TUNA TATAKI,TAPAS ASIATICAS,PESCA LOCAL,6460.18,7300,1194,SI,SI
CRISPY TUNA BITES,TAPAS ASIATICAS,TAPAS ASIATICAS,5221.24,5900,1248,SI,SI
CARPACCIO DE ATUN,TAPAS ASIATICAS,PESCA LOCAL,6371.68,7200,1378,SI,SI
TARTAR DE ATUN,TAPAS ASIATICAS,PESCA LOCAL,6106.19,6900,1248,SI,SI
VEGETALES TEMPURA,TAPAS ASIATICAS,TEMPURAS,4778.76,5400,1354,SI,SI
KOROKKES DE PESCADO,TAPAS ASIATICAS,TAPAS ASIATICAS,5132.74,5800,979,SI,SI
YAKI WINGS,TAPAS ASIATICAS,TAPAS ASIATICAS,5752.21,6500,1350,SI,SI
JOSE CUERVO,BEBIDAS,SHOTS,3274.34,3700,433,SI,SI
CAIPIROSKA,BEBIDAS,COCTELES CLASICOS,5132.74,5800,960,SI,SI
VODKA SODA,BEBIDAS,COCTELES CLASICOS,4867.26,5500,830,SI,SI
BERRY BLOSSOM,BEBIDAS,BEBIDAS SIN ALCOHOL,2920.35,3300,450,SI,SI
ORDEN DE ARROZ,TAPAS ASIATICAS,TAPAS ASIATICAS,2654.87,3000,277,SI,SI
SNAPPER XX,PERSONAL,COMIDA PERSONAL,0.0,0,1200,SI,NO
TUNA ROLL,SUSHI ROLLS,ROLLS,4159.29,4700,842,SI,SI
GYOZAS DE CERDO,TAPAS ASIATICAS,TAPAS ASIATICAS,4601.77,5200,1039,SI,SI
EXTRA 1,TAPAS ASIATICAS,TAPAS ASIATICAS,1327.43,1500,500,SI,SI
BOCHA DE HELADO,POSTRES,POSTRES,1769.91,2000,0,SI,SI
KOROKKE BENTO,GREENSEASON,BENTO BOX,1747.79,1975,1248,SI,SI
CAMARON EMPANIZADO,TAPAS ASIATICAS,TEMPURAS,6106.19,6900,2347,SI,SI
PANACOTA,POSTRES,POSTRES,4601.77,5200,850,SI,SI
SPICY EDAMAME,TAPAS ASIATICAS,TAPAS ASIATICAS,4247.79,4800,1278,SI,SI
SMALL,REMERAS,CIRCULO,10619.47,12000,4300,NO,NO
MEDIUM,REMERAS,CIRCULO,10619.47,12000,4300,NO,NO
LARGE,REMERAS,CIRCULO,10619.47,12000,4300,NO,NO
GOLDEN GLOW,BEBIDAS,BEBIDAS SIN ALCOHOL,2920.35,3300,450,SI,SI
25 USS CARD,GIFT CARDS,CARDS,11061.95,12500,5000,NO,NO
50 USS CARD,GIFT CARDS,CARDS,22123.89,25000,5000,NO,NO
S EMPLEADO,REMERAS,CIRCULO,0.0,0,4300,NO,NO
M EMPLEADO,REMERAS,MIYAGUI,0.0,0,4300,NO,NO
DEDOS DE POLLO,KIDS MENU,MENU,5486.73,6200,2200,SI,SI
DEDOS DE PESCADO,KIDS MENU,MENU,5663.72,6400,2200,SI,SI
POLLO PESCADO GRILLADO,KIDS MENU,MENU,4513.27,5100,1000,SI,SI
PAPAS FRITAS,KIDS MENU,MENU,3097.35,3500,2200,SI,SI
DESCORCHE,BEBIDAS,VINOS,5752.21,6500,0,SI,SI
COPA EXTRA BRUT,BEBIDAS,VINOS,3982.3,4500,1106,SI,SI
CAFE CHICO,BEBIDAS,BEBIDAS SIN ALCOHOL,1415.93,1600,600,SI,SI
CAFE GRANDE,BEBIDAS,BEBIDAS SIN ALCOHOL,1681.42,1900,600,SI,SI
QUE MAE PALE ALE,BEBIDAS,CERVEZAS,4336.28,4900,1500,SI,SI
QUE MAE IPA,BEBIDAS,CERVEZAS,3982.3,4500,1500,SI,SI
HEINEKEN,BEBIDAS,CERVEZAS,3097.35,3500,833,SI,SI
STELLA,BEBIDAS,CERVEZAS,3008.85,3400,1042,SI,SI
100 USS CARD,GIFT CARDS,CARDS,44247.79,50000,5000,NO,NO
L EMPLEADO,REMERAS,CIRCULO,0.0,0,4300,NO,NO
FRESCA,BEBIDAS,BEBIDAS SIN ALCOHOL,1681.42,1900,375,SI,SI
IMPERIAL SILVER,BEBIDAS,CERVEZAS,2477.88,2800,800,SI,SI
WINE DINNER,SUSHI ROLLS,ESPECIALES,21250.0,24012,2200,SI,SI
TE CALIENTE,BEBIDAS,BEBIDAS SIN ALCOHOL,1681.42,1900,110,SI,SI
BOTELLA LE JAMELLES REFLEX ROSE,BEBIDAS,VINOS,17433.63,19700,7300,SI,SI
COPA PIPA CAB  SAUVIGNON,BEBIDAS,VINOS,5486.73,6200,1450,SI,SI
BOTELLA COLOME TORRONTES,BEBIDAS,VINOS,16371.68,18500,7450,SI,SI
PROMO COPA LE JAMELLES CHARDONAY,BEBIDAS,VINOS,4867.26,5500,700,SI,SI
BOTELLA PETIT CAYETA,BEBIDAS,VINOS,17610.61,19900,8800,SI,SI
PATRON,BEBIDAS,SHOTS,3982.3,4500,1487,SI,SI
MARGARITA PATRON,BEBIDAS,COCTELES CLASICOS,7876.11,8900,1300,SI,SI
SPICY BENTO,GREENSEASON,BENTO BOX,1747.79,1975,1100,SI,SI
GYOZA BENTO,GREENSEASON,BENTO BOX,1747.79,1975,350,SI,SI
CALIFORNIA BENTO,GREENSEASON,BENTO BOX,1747.79,1975,1300,SI,SI
AGUA ALPINA,BEBIDAS,BEBIDAS SIN ALCOHOL,1681.42,1900,375,SI,SI
CLUB SODA,BEBIDAS,BEBIDAS SIN ALCOHOL,1681.42,1900,375,SI,SI
SUPER MAGURO,SUSHI ROLLS,ROLLS,7433.63,8400,1010,SI,SI
HOSOMAKI PEPINO,SUSHI ROLLS,HOSOMAKIS,3982.3,4500,416,SI,SI
MOJITO ZACAPA 23,BEBIDAS,COCTELES CLASICOS,6371.68,7200,2100,SI,SI
MARGARITA MEZCAL ESPADIN,BEBIDAS,COCTELES CLASICOS,6637.17,7500,2368,SI,SI
NEGRONI,BEBIDAS,COCTELES CLASICOS,5752.21,6500,2245,SI,SI
EXTRA LARGE,REMERAS,CIRCULO,10619.47,12000,4300,NO,NO
CAIPIORSKA TITO´S,BEBIDAS,COCTELES CLASICOS,6371.68,7200,1048,SI,SI
APEROL SPRITZ,BEBIDAS,COCTELES CLASICOS,5221.24,5900,1585,SI,SI
CARAJILLO,BEBIDAS,COCTELES CLASICOS,5221.24,5900,1492,SI,SI
FLOR DE CAÑA,BEBIDAS,SHOTS,3097.35,3500,360,SI,SI
JACK DANIELS,BEBIDAS,SHOTS,3451.33,3900,633,SI,SI
RON ZACAPA 23,BEBIDAS,SHOTS,4247.79,4800,2305,SI,SI
JOHNNIE BLACK,BEBIDAS,SHOTS,4159.29,4700,1784,SI,SI
JAGERMEISTER,BEBIDAS,SHOTS,2920.35,3300,792,SI,SI
BOTELLA GUSTAVE LORENTZ RIESLING,BEBIDAS,VINOS,17610.62,19900,14560,SI,SI
COPA LES JAMELLES ROSE,BEBIDAS,VINOS,5752.21,6500,1825,SI,SI
BOTELLA CODORNIU CAVA,BEBIDAS,VINOS,20265.48,22900,9492,SI,SI
BOTELLA LES JAMELLES BRUT,BEBIDAS,VINOS,21327.43,24100,8517,SI,SI
SAKE CRANE KARAKUCHI BOT,BEBIDAS,SAKE,22035.4,24900,10780,SI,SI
VODKA TITOS,BEBIDAS,SHOTS,3716.81,4200,833,SI,SI
TE FRIO  LIMONADA  APPLE SODA,KIDS MENU,MENU,2743.36,3100,350,SI,SI
CAMPARI,BEBIDAS,SHOTS,3097.35,3500,1345,SI,SI
EDAMAME CORTESIA,X CORTESIAS,CORTESIAS,0.0,0,1278,SI,NO
VEG TEMPURA CORTESIA,X CORTESIAS,CORTESIAS,0.0,0,1354,SI,NO
SOPA MISO CORTESIA,X CORTESIAS,CORTESIAS,0.0,0,458,SI,NO
CREPE CORTESIA,X CORTESIAS,CORTESIAS,0.0,0,1364,SI,NO
BANANA FLAMBE CORTESIA,X CORTESIAS,CORTESIAS,0.0,0,0,SI,NO
CARPACCIO CORTESIA,X CORTESIAS,CORTESIAS,0.0,0,1378,SI,NO
SEÑOR MIYAGHI BW L,TSHIRTS,L,12389.38,14000,5000,NO,NO
CALAVERA CLARA L,TSHIRTS,L,12389.38,14000,5000,NO,NO
SUSHI FELIZ NEGRO Y ROJO XL,TSHIRTS,XL,12389.38,14000,5000,NO,NO
CALAVERA CLARA XL,TSHIRTS,XL,12389.38,14000,5000,NO,NO
BERNARD HENDRICKS,BEBIDAS,COCTELES DE AUTOR,6637.17,7500,1895,SI,SI
MARGARITA CASA DRAGONES,BEBIDAS,COCTELES CLASICOS,5486.73,6200,1300,SI,SI
STICKERS SMALL,T-STICKERS,STICKERS,884.96,1000,100,NO,NO
INVITADO,A PAX,LOCAL CLUB,0.0,0,0,SI,NO
LICOR 43 ROCKS,BEBIDAS,ON THE ROCKS,4955.75,5600,2617,SI,SI
HAPPY HOUR,PROMOCIONES,PROMOCIONES,6637.17,7500,1963,SI,NO
PERFUME FIRE JWBLACK,BEBIDAS,COCTELES DE AUTOR,7522.12,8500,2730,SI,SI
GUSANO TOBALA,BEBIDAS,COCTELES DE AUTOR,7876.11,8900,0,SI,SI
GUSANO JABALI,BEBIDAS,COCTELES DE AUTOR,9026.55,10200,0,SI,SI
GUSANO TEQUILA DRAGONES,BEBIDAS,COCTELES DE AUTOR,7433.63,8400,0,SI,SI
MARGARITA MEZCAL TOBALA,BEBIDAS,COCTELES CLASICOS,7876.11,8900,2238,SI,SI
WISKY SOUR BLACK LABEL,BEBIDAS,COCTELES CLASICOS,6017.7,6800,2238,SI,SI
MARGARITA MEZCAL JABALI,BEBIDAS,COCTELES CLASICOS,9203.54,10400,2238,SI,SI
PUERTO DE INDIAS,BEBIDAS,SHOTS,3539.82,4000,1078,SI,SI
NIGIRI YAKI   ATUN,SUSHI ROLLS,NIGIRIS,3628.32,4100,700,SI,SI
NIGIRI AGURI  DORADO,SUSHI ROLLS,NIGIRIS,3716.81,4200,700,SI,SI
COSMOPOLITAN TITOS,BEBIDAS,COCTELES CLASICOS,6371.68,7200,2238,SI,SI
TOP PALITOS NEGRO L,TSHIRTS,L,14000.0,15820,5000,NO,NO
TOP CHICA NEGRO M,TSHIRTS,M,14000.0,15820,5000,NO,NO
LOGO VERDE L,TSHIRTS,L,14000.0,15820,5000,NO,NO
CALAVERA VERDE L,TSHIRTS,L,14000.0,15820,5000,NO,NO
MANITO VERDE L,TSHIRTS,L,14000.0,15820,5000,NO,NO
JOSE CUERO ROCKS,BEBIDAS,ON THE ROCKS,5500.0,6215,600,SI,SI
OSOBUCO,XX DUEÑOS,PROTEINAS,0.0,0,700,SI,NO
MANITO NEGRA L,TSHIRTS,L,14000.0,15820,5000,NO,NO
MANITO BATICK VIOLETA L,TSHIRTS,L,14000.0,15820,5000,NO,NO
DARUMA NEGRO L,TSHIRTS,L,14000.0,15820,5000,NO,NO
MARILYN VERDE L,TSHIRTS,L,14000.0,15820,5000,NO,NO
MARILYN BATIK ROSA L,TSHIRTS,L,14000.0,15820,5000,NO,NO
EXTRA BEBIDAS,BEBIDAS,COCTELES CLASICOS,885.0,1000,2238,SI,SI
MANITO PALITO VIOLETA M,TSHIRTS,M,14000.0,15820,5000,NO,NO
CLAVERA VERDE M,TSHIRTS,M,14000.0,15820,5000,NO,NO
CALAVERA ROSA M,TSHIRTS,M,14000.0,15820,5000,NO,NO
TOP PALITOS VERDE L,TSHIRTS,L,14000.0,15820,5000,NO,NO
SIPP SEMANAL,XX DUEÑOS,GUARNICIONES,629809.61,711685,0,SI,NO
XANETA ROSE,BEBIDAS,VINOS,27790.0,31403,7400,SI,SI
PROMO LES JAMELLES CHARDONNAY,BEBIDAS,VINOS,19911.5,22500,11318,SI,SI
RED WALKER ON THE ROCKS,BEBIDAS,ON THE ROCKS,4500.0,5085,600,SI,SI
GREY GOOSE,BEBIDAS,SHOTS,4700.0,5311,833,SI,SI
TRIGRE NEGRA L,TSHIRTS,L,13274.33,15000,5000,NO,NO
TIGRE NEGRA M,TSHIRTS,M,13274.33,15000,5000,NO,NO
PROMO COPA LES JAMELLES SYRAH,BEBIDAS,VINOS,4867.26,5500,1000,SI,SI
ENSALADA POLLO,XX DUEÑOS,PROTEINAS,0.0,0,700,SI,NO
ENSALADA PESCADO Y CAMARONES,XX DUEÑOS,PROTEINAS,0.0,0,700,SI,NO
PROMO ROSE LES JAMELLES,BEBIDAS,VINOS,5176.99,5850,7400,SI,SI
BOXING,A PAX,COMENSALES,442.47,500,100,SI,NO
CERDO TONKATSU,POKES BOWLS CEVICHES,BOWLS,8761.06,9900,1655,SI,SI
CRISPY SHITAKE BITES,TAPAS ASIATICAS,TAPAS ASIATICAS,5221.24,5900,1325,SI,SI
BOTELLA EXTRA BRUT,BEBIDAS,VINOS,19203.54,21700,5800,SI,SI
COPA SAUV BLANC,BEBIDAS,VINOS,3982.3,4500,918,SI,SI
SAKE PURE DUSK JARRA 250 ML,BEBIDAS,SAKE,22035.4,24900,31742,SI,SI
SAKE PURE DUSK SHOT,BEBIDAS,SAKE,2566.37,2900,31742,SI,SI
COPA YAYA PINOT NOIR,BEBIDAS,VINOS,5487.73,6201,1450,SI,SI
VASO MICHELADO,BEBIDAS,BEBIDAS SIN ALCOHOL,707.96,800,375,SI,SI
SALE 20USD,TSHIRTS,NIÑOS,8318.58,9400,0,NO,NO
EXTRA FLOR DE CAñA 7 AñOS,BEBIDAS,SHOTS,988.7,1117,360,SI,SI
COPA YAYA REISLING,BEBIDAS,VINOS,5486.8,6200,1450,SI,SI
COPA CAB  DE LA CASA,BEBIDAS,VINOS,4500.0,5085,7400,SI,SI
EXTRA BOMBAY,BEBIDAS,SHOTS,885.0,1000,608,SI,SI
MARYLIN VERDE TALLE 6,TSHIRTS,NIÑOS,12380.38,13990,0,NO,NO
EXTRA TEQUILEñO,BEBIDAS,SHOTS,988.7,1117,608,SI,SI
BOTELLA TANTEHUE 20  OFF,BEBIDAS,VINOS,14672.9,16580,7400,SI,SI
EXTRA CASCAHUIN,BEBIDAS,SHOTS,2212.38,2500,375,SI,SI
BOTELLA PIPA CAB  SAUVIGNON,BEBIDAS,VINOS,17256.64,19500,5800,SI,SI
COPA PIPA SAUV  BLANC,BEBIDAS,VINOS,5486.73,6200,1450,SI,SI
PROMO LES CAB  SAUV,BEBIDAS,VINOS,19911.5,22500,11318,SI,SI
PROMO COPA LES JAMELLES CAB  SAUV,BEBIDAS,VINOS,4867.26,5500,1000,SI,SI
BOTELLA PIPA SAUV BLANC,BEBIDAS,VINOS,17256.64,19500,5800,SI,SI
COPA CHARDONNAY,BEBIDAS,VINOS,3982.3,4500,918,SI,SI
BOTELLA CAVA ROSE 1502 BRUT,BEBIDAS,VINOS,33362.83,37700,7480,SI,SI
SAKE CORTESIA SHOT,BEBIDAS,SAKE,0.0,0,7400,SI,SI
COPA ROSE,BEBIDAS,VINOS,3982.3,4500,882,SI,SI
SAKE JARRA CORTESIA,X CORTESIAS,CORTESIAS,0.0,0,0,SI,NO
BOTELLA CAPITAN QUESADA MALBEC,BEBIDAS,VINOS,20088.5,22700,8800,SI,SI
BOTELLA NAMPE CHARDONNAY,BEBIDAS,VINOS,15486.73,17500,5970,SI,SI
DOUCE NATURE PINOT NOIR,BEBIDAS,VINOS,19911.5,22500,11000,SI,SI
BOTELLA XANETA,BEBIDAS,VINOS,19026.54,21500,5400,SI,SI
EXTRA 2,TAPAS ASIATICAS,TAPAS ASIATICAS,1946.9,2200,1000,SI,SI
MEZCALONI,BEBIDAS,COCTELES CLASICOS,7522.12,8500,3524,SI,SI
TEQUILA PATRON SODA,BEBIDAS,COCTELES CLASICOS,5752.21,6500,3134,SI,SI
VODKA SODA TITOS,BEBIDAS,COCTELES CLASICOS,6371.68,7200,1128,SI,SI
BOTELLA CHATEAU DELA COULORETTE ROSE,BEBIDAS,VINOS,27433.63,31000,6400,SI,SI
SAKE C V NIGORI JUNMAI BOT,BEBIDAS,SAKE,26725.66,30200,14374,SI,SI
SAKE BULZAI GINJO BOT,BEBIDAS,SAKE,28761.06,32500,15571,SI,SI
SAKE PURE DUSK DAIGINJO 700,BEBIDAS,SAKE,60619.47,68500,31742,SI,SI
CASGARITA,BEBIDAS,COCTELES DE AUTOR,5929.2,6700,1963,SI,SI
COYOTE SHOT,BEBIDAS,MEZCALES,4690.27,5300,3630,SI,SI
AMARETTO DISSARONO,BEBIDAS,SHOTS,3982.3,4500,1119,SI,SI
CAS DE LUZ,BEBIDAS,SHOTS,3097.35,3500,1154,SI,SI
MENU PANCHI,KIDS MENU,MENU,6017.7,6800,2200,SI,SI
TEQUILA CASA DRAGONES,BEBIDAS,SHOTS,8672.57,9800,0,SI,SI
BOCHA HELADOS CORTESIA,X CORTESIAS,CORTESIAS,0.0,0,0,SI,NO
TIRADITO ACEVICHADO,TAPAS ASIATICAS,PESCA LOCAL,5929.2,6700,2016,SI,SI
KENTUCKY MULE,BEBIDAS,COCTELES CLASICOS,5221.24,5900,0,SI,SI
GIN GIN MULE,BEBIDAS,COCTELES CLASICOS,5486.73,6200,1198,SI,SI
CREMA DE ZANAHORIA,TAPAS ASIATICAS,TAPAS ASIATICAS,4247.79,4800,1000,SI,SI
COPA MALBEC,BEBIDAS,VINOS,3982.3,4500,928,SI,SI
BOTELLA YAYA RIESLING,BEBIDAS,VINOS,19026.55,21500,8800,SI,SI
GIN TONIC BOMBAY,BEBIDAS,COCTELES CLASICOS,6017.7,6800,2491,SI,SI
QUE MAE RED ALE,BEBIDAS,CERVEZAS,4336.28,4900,1500,SI,SI
THE CRAB,SUSHI ROLLS,ROLLS,8495.58,9600,4442,SI,SI
SAKE MARTINI,BEBIDAS,COCTELES CLASICOS,5132.74,5800,0,SI,SI
CAMPARI TONIC,BEBIDAS,COCTELES CLASICOS,5044.25,5700,1965,SI,SI
AMARETTO SOUR HAPPY HOUR,BEBIDAS,COCTELES CLASICOS,4424.78,5000,2238,SI,SI
CAMPARI SPRITZ,BEBIDAS,COCTELES CLASICOS,5132.74,5800,1965,SI,SI
GREEN DRAGON,BEBIDAS,COCTELES CLASICOS,5752.21,6500,2393,SI,SI
TEQUILA SODA,BEBIDAS,COCTELES CLASICOS,4867.26,5500,992,SI,SI
GIN AND JAM,BEBIDAS,COCTELES CLASICOS,3982.3,4500,1198,SI,SI
OLD FASHIONED,BEBIDAS,COCTELES CLASICOS,5663.72,6400,1279,SI,SI
HOSOMAKI BENTO,GREENSEASON,BENTO BOX,1747.79,1975,800,SI,SI
SASHIMI ATUN BENTO,GREENSEASON,BENTO BOX,1747.79,1975,600,SI,SI
PASTA SALSA BLANCA XX,PERSONAL,COMIDA PERSONAL,0.0,0,1200,SI,NO
POLLO SUDADO XX,PERSONAL,COMIDA PERSONAL,0.0,0,1200,SI,NO
GREEN DETOX,BEBIDAS,BEBIDAS SIN ALCOHOL,2920.35,3300,450,SI,SI
TUNA ROLL XX,PERSONAL,COMIDA PERSONAL,0.0,0,1200,SI,NO
SPICY TUNA XX,PERSONAL,COMIDA PERSONAL,0.0,0,1200,SI,NO
CALIFORNIA XX,PERSONAL,COMIDA PERSONAL,0.0,0,1209,SI,NO
VEGGIE ROLL XX,PERSONAL,COMIDA PERSONAL,0.0,0,789,SI,NO
VEGAN ROLL XX,PERSONAL,COMIDA PERSONAL,0.0,0,654,SI,NO
SUPER MAGURO XX,PERSONAL,COMIDA PERSONAL,0.0,0,1010,SI,NO
PHILLY XX,PERSONAL,COMIDA PERSONAL,0.0,0,1200,SI,NO
POKE WAVE XX,PERSONAL,COMIDA PERSONAL,0.0,0,1200,SI,NO
PINTO CON HUEVO XX,PERSONAL,COMIDA PERSONAL,0.0,0,1200,SI,NO
WOK POLLO CON ENSALADA XX,PERSONAL,COMIDA PERSONAL,0.0,0,1200,SI,NO
PASTA CON PESTO Y POLLO XX,PERSONAL,COMIDA PERSONAL,0.0,0,1200,SI,NO
POLLO TERIYAKI C  ENSALADA XX,PERSONAL,COMIDA PERSONAL,0.0,0,1200,SI,NO
PASTA POMODORO XX,PERSONAL,COMIDA PERSONAL,0.0,0,1200,SI,NO
HAMBURGESA DE POLLO XX,PERSONAL,COMIDA PERSONAL,0.0,0,1200,SI,NO
BURRITO DE CERDO XX,PERSONAL,COMIDA PERSONAL,0.0,0,1200,SI,NO
TEQUILA MULE,BEBIDAS,COCTELES CLASICOS,5221.24,5900,0,SI,SI
EDAMAME BENTO,GREENSEASON,BENTO BOX,1747.79,1975,700,SI,SI
MILANESA DE POLLO CON PURE XX,PERSONAL,COMIDA PERSONAL,0.0,0,1200,SI,NO
CHIFRIJO XX,PERSONAL,COMIDA PERSONAL,0.0,0,1200,SI,NO
ARROZ CON HUEVO XX,PERSONAL,COMIDA PERSONAL,0.0,0,1200,SI,NO
HAMBURESA DE PESCADO XX,PERSONAL,COMIDA PERSONAL,0.0,0,1200,SI,NO
ARROZ CON POLLO XX,PERSONAL,COMIDA PERSONAL,0.0,0,1200,SI,NO
LONG ISLAND ICED TEA,BEBIDAS,COCTELES CLASICOS,6017.7,6800,1073,SI,SI
CINZANO ROSSO ROCKS,BEBIDAS,ON THE ROCKS,3628.32,4100,720,SI,SI
VOLCAN DE CHOCOLATE,POSTRES,POSTRES,4778.76,5400,2000,SI,SI
EL GUSANO,BEBIDAS,COCTELES DE AUTOR,5752.21,6500,2526,SI,SI
TOBALA SHOT,BEBIDAS,MEZCALES,4690.27,5300,3427,SI,SI
SUBARASHI,SUSHI ROLLS,ROLLS,7876.11,8900,1275,SI,SI
POLLO TERIYAKI,POKES BOWLS CEVICHES,BOWLS,9646.02,10900,1460,SI,SI
CEVICHE PERUANO,POKES BOWLS CEVICHES,CEVICHES,10442.48,11800,3747,SI,SI
CEVICHE EL DORADO,POKES BOWLS CEVICHES,CEVICHES,10442.48,11800,4145,SI,SI
CEVICHE COCO TUNA,POKES BOWLS CEVICHES,CEVICHES,10530.97,11900,2822,SI,SI
POKE WAVE,POKES BOWLS CEVICHES,POKES,8761.06,9900,2289,SI,SI
MANGO FANDANGO,BEBIDAS,COCTELES DE AUTOR,5752.21,6500,1932,SI,SI
CHERRY MEZCALITA,BEBIDAS,COCTELES DE AUTOR,5752.21,6500,2719,SI,SI
SAKURA BLOSSOM,BEBIDAS,COCTELES DE AUTOR,5752.21,6500,1530,SI,SI
SAKE PURE DAWN GINGO JARRA 250,BEBIDAS,SAKE,17611.2,19901,11550,SI,SI
SAKE PURE NIGHT DAIGINJO PREM 700,BEBIDAS,SAKE,125663.72,142000,7400,SI,SI
TUNA TIRADITO,TAPAS ASIATICAS,PESCA LOCAL,5840.71,6600,1116,SI,SI
EXPRESO MARTINI,BEBIDAS,COCTELES CLASICOS,5132.74,5800,1708,SI,SI
VICKY BIKINI,BEBIDAS,COCTELES DE AUTOR,5132.74,5800,1018,SI,SI
ESPADIN SHOTS X 2,BEBIDAS,MEZCALES,5132.74,5800,3090,SI,SI
COYOTE SHOT X 2,BEBIDAS,MEZCALES,8230.09,9300,7260,SI,SI
AGUA SAN BENEDETTO CON GAS,BEBIDAS,BEBIDAS SIN ALCOHOL,3451.33,3900,1700,SI,SI
NIGIRI SAKE REMON  SALMON  x 6,SUSHI ROLLS,NIGIRIS,10000.0,11300,1700,SI,SI
BURRITO DE POLLO XX,PERSONAL,COMIDA PERSONAL,0.0,0,1200,SI,NO
ESPADIN BOTELLA,EVENTOS TERRAZA,MEZCAL COYOTE,41194.69,46550,15000,SI,NO
TOBALA BOTELLA,BEBIDAS,MEZCALES,78938.05,89200,0,SI,SI
MALIBU,BEBIDAS,SHOTS,3274.34,3700,0,SI,SI
MOSCOW MULE,BEBIDAS,COCTELES CLASICOS,5221.24,5900,0,SI,SI
ENSALADA BENTO,GREENSEASON,BENTO BOX,1747.79,1975,600,SI,SI
ABSOLUT VODKA ROCKS,BEBIDAS,ON THE ROCKS,4247.79,4800,600,SI,SI
TITOS ROCKS,BEBIDAS,ON THE ROCKS,4601.77,5200,833,SI,SI
TONICA,BEBIDAS,BEBIDAS SIN ALCOHOL,1681.42,1900,0,SI,SI
DIRTY MARTINI,BEBIDAS,COCTELES CLASICOS,5132.74,5800,893,SI,SI
MANITO GRIS L,TSHIRTS,L,12389.38,14000,5000,NO,NO
MANITO ROSA S,TSHIRTS,S,12389.38,14000,5000,NO,NO
LOGO GRIS S,TSHIRTS,S,12389.38,14000,5000,NO,NO
EXPRESSO MARTINI TITOS,BEBIDAS,COCTELES CLASICOS,6371.68,7200,2004,SI,SI
LOGO GRIS,T-GORRAS,LOGO,10619.47,12000,8000,NO,NO
DARUMA SMALL,T-DARUMAS,DARUMAS,8849.56,10000,3500,NO,NO
SUSHI FELIZ NEGRO Y ROJO S,TSHIRTS,S,12389.38,14000,5000,NO,NO
SUSHI FELIZ NEGRO Y ROJO M,TSHIRTS,M,12389.38,14000,5000,NO,NO
SEÑOR MIYAGHI BW M,TSHIRTS,M,12389.38,14000,5000,NO,NO
SAKE MAHO DAIGINJO BOT,BEBIDAS,SAKE,111150.44,125600,71868,SI,SI
SAKE PURE DAWN GINJO 700,BEBIDAS,SAKE,48584.2,54900,26951,SI,SI
JABALI BOTELLA,BEBIDAS,MEZCALES,104070.8,117600,0,SI,SI
LOW TIDE ZACAPA,BEBIDAS,COCTELES DE AUTOR,7522.12,8500,2685,SI,SI
PERFUMED FIRE JACK DANIELS,BEBIDAS,COCTELES DE AUTOR,6017.7,6800,2233,SI,SI
DAIKIRI ZACAPA,BEBIDAS,COCTELES CLASICOS,6371.68,7200,3256,SI,SI
CUBA LIBRE ZACAPA,BEBIDAS,COCTELES CLASICOS,6371.68,7200,2508,SI,SI
BOMBAY,BEBIDAS,SHOTS,2920.35,3300,896,SI,SI
PATRON ROCKS,BEBIDAS,ON THE ROCKS,5575.22,6300,2974,SI,SI
FLOR DE CAÑA ROCKS,BEBIDAS,ON THE ROCKS,4424.78,5000,720,SI,SI
JACK DANIELS ROCKS,BEBIDAS,ON THE ROCKS,4601.77,5200,1265,SI,SI
BLACK LABEL ROCKS,BEBIDAS,ON THE ROCKS,5221.24,5900,1784,SI,SI
HOUSE GINGER BEER,BEBIDAS,BEBIDAS SIN ALCOHOL,3097.35,3500,500,SI,SI
CALAVERA CLARA S,TSHIRTS,S,12389.38,14000,5000,NO,NO
ABSINTHE,BEBIDAS,SPECIALS,4867.26,5500,200,SI,SI
OLD PARR ROCKS,BEBIDAS,ON THE ROCKS,5221.24,5900,1260,SI,SI
RAMEN TRADICIONAL CERDO,POKES BOWLS CEVICHES,BOWLS,11061.95,12500,2224,SI,SI
LOCAL CLUB,A PAX,LOCAL CLUB,0.0,0,0,SI,NO
ASAHI,BEBIDAS,CERVEZAS,2477.88,2800,833,SI,SI
RAMEN KARI,POKES BOWLS CEVICHES,BOWLS,11415.93,12900,3765,SI,SI
RAMEN PINATTSU,POKES BOWLS CEVICHES,BOWLS,11946.9,13500,2186,SI,SI
NIGIRI ZANMAI,SUSHI ROLLS,NIGIRIS,9823.01,11100,1811,SI,SI
AMARETTO ROCKS,BEBIDAS,ON THE ROCKS,4424.78,5000,720,SI,SI
PESCADO A LA PLANCHA,XX DUEÑOS,PROTEINAS,0.0,0,700,SI,NO
POLLO A LA PLANCHA,XX DUEÑOS,PROTEINAS,0.0,0,700,SI,NO
CAMARONES SALTEADOS,XX DUEÑOS,PROTEINAS,0.0,0,700,SI,NO
MILANESA DE POLLO,XX DUEÑOS,PROTEINAS,0.0,0,700,SI,NO
ENSALADA ZANAHORIA Y HUEVO,XX DUEÑOS,GUARNICIONES,0.0,0,700,SI,NO
ENSALADA LECHUGA MAIZ,XX DUEÑOS,GUARNICIONES,0.0,0,700,SI,NO
VEGETRALES SALTEADOS,XX DUEÑOS,GUARNICIONES,0.0,0,700,SI,NO
PURE DE PAPAS,XX DUEÑOS,GUARNICIONES,0.0,0,700,SI,NO
HUEVOS DUROS  2,XX DUEÑOS,GUARNICIONES,0.0,0,700,SI,NO
HUEVOS FRITOS  2,XX DUEÑOS,GUARNICIONES,0.0,0,700,SI,NO
GUACAMOLE,XX DUEÑOS,GUARNICIONES,0.0,0,700,SI,NO
PAPAS FRITAS DUEÑOS,XX DUEÑOS,GUARNICIONES,0.0,0,700,SI,NO
CAMPARI NARANJA,BEBIDAS,COCTELES CLASICOS,5132.74,5800,1965,SI,SI
ESPADIN WEED X 2 SHOTS,BEBIDAS,MEZCALES,6371.68,7200,3630,SI,SI
NEGRONI HENDRICKS,BEBIDAS,COCTELES CLASICOS,6194.69,7000,2245,SI,SI
GUREN,BEBIDAS,MOCKTAILS,1769.91,2000,800,SI,SI
NIGIRI SAKE REMON  SALMON,SUSHI ROLLS,NIGIRIS,3716.81,4200,700,SI,SI
CAMPARI BOTELLA DUEÑOS,BEBIDAS,ON THE ROCKS,9734.51,11000,600,SI,SI
KAMIKAZE TITOS,BEBIDAS,COCTELES CLASICOS,6194.69,7000,2238,SI,SI
AKIRA KAZE,BEBIDAS,MOCKTAILS,3982.3,4500,350,SI,SI
DARUMA VERDE L,TSHIRTS,L,14000.0,15820,5000,NO,NO
BATIK IOLETA XL,TSHIRTS,XL,14000.0,15820,5000,NO,NO
MEZCAL ESPADIN ROCKS,BEBIDAS,ON THE ROCKS,6900.0,7797,0,SI,SI
SMOOTHIE,BEBIDAS,BEBIDAS SIN ALCOHOL,3098.0,3501,375,SI,SI
CALAVERA BATICK ROSA L,TSHIRTS,L,14000.0,15820,5000,NO,NO
SUSHI FELIZ BATIK VIOLETA L,TSHIRTS,L,14000.0,15820,5000,NO,NO
SUSHI FELIZ ROSA BATIK L,TSHIRTS,L,14000.0,15820,5000,NO,NO
LOGO NEGRO L,TSHIRTS,L,14000.0,15820,5000,NO,NO
LOGO BATIK ROSA L,TSHIRTS,L,14000.0,15820,5000,NO,NO
DARUMA BATIK ROSA L,TSHIRTS,L,14000.0,15820,5000,NO,NO
MARILYN NEGRO L,TSHIRTS,L,14000.0,15820,5000,NO,NO
MARILYN BATIK VIOLETA L,TSHIRTS,L,14000.0,15820,5000,NO,NO
SUSHI FELIZ  ROSA M,TSHIRTS,M,14000.0,15820,5000,NO,NO
SUSHI FELIZ VIOLETA M,TSHIRTS,M,14000.0,15820,5000,NO,NO
LOGO NEGRO M,TSHIRTS,M,14000.0,15820,5000,NO,NO
LOGO VERDE M,TSHIRTS,M,14000.0,15820,5000,NO,NO
DARUMA NEGRO M,TSHIRTS,M,14000.0,15820,5000,NO,NO
DARUMA VERDE M,TSHIRTS,M,14000.0,15820,5000,NO,NO
DARUMA VIOLETA M,TSHIRTS,M,14000.0,15820,5000,NO,NO
MARILYN ROSA M,TSHIRTS,M,14000.0,15820,5000,NO,NO
ATUN SELLADO,XX DUEÑOS,PROTEINAS,0.0,0,700,SI,NO
MIYAGI NEGRO L,TSHIRTS,L,14000.0,15820,5000,NO,NO
MARILYN VIOLETA M,TSHIRTS,M,14000.0,15820,5000,NO,NO
MIYAGI BLANCA M,TSHIRTS,M,14000.0,15820,5000,NO,NO
TOP CHICA  NEGRO M,TSHIRTS,M,14000.0,15820,5000,NO,NO
TOP SUSHI FELIZ VERDE M,TSHIRTS,M,14000.0,15820,5000,NO,NO
TOP SUSHI FELIZ MARRON M,TSHIRTS,M,14000.0,15820,5000,NO,NO
TOP PALITOS VERDE M,TSHIRTS,M,14000.0,15820,5000,NO,NO
TOP SUSHI FELIZ NEGRO L,TSHIRTS,L,14000.0,15820,5000,NO,NO
TOP SUSHI FELIZ VERDE L,TSHIRTS,L,14000.0,15820,5000,NO,NO
TOP MANITOS MARRON L,TSHIRTS,L,14000.0,15820,5000,NO,NO
EXPRESSO MARTINI GREYGOOSE,BEBIDAS,COCTELES CLASICOS,7168.14,8100,2004,SI,SI
FISH AND CHIPS,GREENSEASON,COMIDA,4601.77,5200,1800,SI,SI
SAKURA POKE,GREENSEASON,COMIDA,4867.26,5500,1800,SI,SI
BOWL TERIYAKI LUNCH,GREENSEASON,COMIDA,5309.74,6000,1800,SI,SI
SUSHI DUO,GREENSEASON,COMIDA,6902.66,7800,1800,SI,SI
TIGRE NEGRA XL,TSHIRTS,XL,13274.34,15000,5000,NO,NO
PROMO BBOTELLA  LES JAMELLES SYRAH,BEBIDAS,VINOS,19911.5,22500,7000,SI,SI
CURRY VERDE,POKES BOWLS CEVICHES,BOWLS,9646.02,10900,1863,SI,SI
DON JULIO,BEBIDAS,SHOTS,7256.63,8200,1487,SI,SI
NUMU,BEBIDAS,CERVEZAS,3539.82,4000,833,SI,SI
EXTRA LUNCH,GREENSEASON,BEBIDA,885.0,1000,2238,SI,SI
EXTRA JOHNNY WALKER RED,BEBIDAS,SHOTS,988.7,1117,1500,SI,SI
EXTRA ABSOLUT,BEBIDAS,SHOTS,988.7,1117,608,SI,SI
KAHLUA,BEBIDAS,SHOTS,3982.3,4500,1119,SI,SI
odka absolut bnotella,BEBIDAS,COCTELES CLASICOS,46017.7,52000,2238,SI,SI
CHICA NEGRA L,TSHIRTS,L,14000.0,15820,5000,NO,NO
CASADO SATORI,GREENSEASON,COMIDA,4867.26,5500,1800,SI,SI
MARGARITA DON JULIO,BEBIDAS,COCTELES CLASICOS,7876.11,8900,1300,SI,SI
EXTRA GREYGOOSE,BEBIDAS,SHOTS,2471.75,2793,833,SI,SI
EXTRA JOSE CUERVO,BEBIDAS,SHOTS,988.7,1117,7400,SI,SI
EXTRA DON JULIO,BEBIDAS,SHOTS,2467.5,2788,1487,SI,SI
EXTRA PATRON,BEBIDAS,SHOTS,2467.5,2788,608,SI,SI
EXTRA Noble Coyote Tobalá,BEBIDAS,SHOTS,988.7,1117,608,SI,SI
EXTRA NOBLE COYOTE,BEBIDAS,SHOTS,988.7,1117,608,SI,SI
EXTRA NOBLE COYOTE CAPON,BEBIDAS,SHOTS,1483.05,1676,608,SI,SI
EXTRA NOBLE COYOTE JABALI,BEBIDAS,SHOTS,2471.75,2793,608,SI,SI
SHOT CASCAHUIN,BEBIDAS,SHOTS,4424.77,5000,375,SI,SI
BENTO SHOT,GREENSEASON,BENTO BOX,1769.91,2000,3000,SI,SI
TENJAKU ROCKS,BEBIDAS,ON THE ROCKS,5752.21,6500,2156,SI,SI
STICKERS LARGE,T-STICKERS,STICKERS,1769.91,2000,200,NO,NO
WHISKY TENJAKU,BEBIDAS,SHOTS,3539.82,4000,1078,SI,SI
BOTELLA YAYA PINOT NOIR,BEBIDAS,VINOS,19026.55,21500,9000,SI,SI
TEMPURA BENTO,GREENSEASON,BENTO BOX,1747.79,1975,600,SI,SI
HEINEKEN 0,BEBIDAS,CERVEZAS,3097.35,3500,833,SI,SI
MEDIO AGUACATE,XX DUEÑOS,GUARNICIONES,0.0,0,700,SI,NO
CALAVERA BATICK VIOLETA L,TSHIRTS,L,14000.0,15820,5000,NO,NO
SUSHI FELIZ VERDE L,TSHIRTS,L,14000.0,15820,5000,NO,NO
MANITO PALITOS NEGRO M,TSHIRTS,M,14000.0,15820,5000,NO,NO
MANITO VERDE M,TSHIRTS,M,14000.0,15820,5000,NO,NO
SUSHI FELIZ VERDE M,TSHIRTS,M,14000.0,15820,5000,NO,NO
LOGO VIOLETA M,TSHIRTS,M,14000.0,15820,5000,NO,NO
LOGO ROSA M,TSHIRTS,M,14000.0,15820,5000,NO,NO
DARUMA ROSA M,TSHIRTS,M,14000.0,15820,5000,NO,NO
MARILYN NEGRO M,TSHIRTS,M,14000.0,15820,5000,NO,NO
MARILYN VERDE M,TSHIRTS,M,14000.0,15820,5000,NO,NO
MIYAGI NEGRO M,TSHIRTS,M,14000.0,15820,5000,NO,NO
MIYAGI VERDE M,TSHIRTS,M,14000.0,15820,5000,NO,NO
MIYAGI VEIOLETA M,TSHIRTS,M,14000.0,15820,5000,NO,NO
MIYAGI ROSA M,TSHIRTS,M,14000.0,15820,5000,NO,NO
TOP CHICA VERDE M,TSHIRTS,M,14000.0,15820,5000,NO,NO
TOP CHICA MARRON M,TSHIRTS,M,14000.0,15820,5000,NO,NO
TOP SUSHI FELIZ NEGRO  M,TSHIRTS,M,14000.0,15820,5000,NO,NO
TOP PALITOS MARRON M,TSHIRTS,M,14000.0,15820,5000,NO,NO
TOP MANITO NEGRO M,TSHIRTS,M,14000.0,15820,5000,NO,NO
TOP CHICA NEGRO L,TSHIRTS,L,14000.0,15820,5000,NO,NO
TOP CHICA VERDE L,TSHIRTS,L,14000.0,15820,5000,NO,NO
TOP CHICA MARRON L,TSHIRTS,L,14000.0,15820,5000,NO,NO
TOP SUSHI FELIZ MARRON L,TSHIRTS,L,14000.0,15820,5000,NO,NO
BATIK ROSA XL,TSHIRTS,XL,14000.0,15820,5000,NO,NO
LOGO BATIK VIOLETA L,TSHIRTS,L,14000.0,15820,5000,NO,NO
CEVICHE TICO NIKKEI,GREENSEASON,COMIDA,4336.28,4900,1800,SI,SI
ASIAN CESAR SALAD,GREENSEASON,COMIDA,4690.27,5300,1800,SI,SI
SATORI ZACAPA,BEBIDAS,COCTELES DE AUTOR,7433.63,8400,3036,SI,SI
CUCUMBER SPECIAL TITOS,BEBIDAS,COCTELES DE AUTOR,6194.69,7000,1232,SI,SI
ABSOLUT,BEBIDAS,SHOTS,2831.86,3200,608,SI,SI
TENJAKU,BEBIDAS,SHOTS,4424.78,5000,1078,SI,SI
JOSE CUERVO ROCKS,BEBIDAS,ON THE ROCKS,4159.29,4700,845,SI,SI
ZACAPA ROCKS,BEBIDAS,ON THE ROCKS,5221.24,5900,2305,SI,SI
CAS DE LUZ ROCKS,BEBIDAS,ON THE ROCKS,5132.74,5800,2307,SI,SI
CAMPARI SODA,BEBIDAS,COCTELES CLASICOS,5132.74,5800,1965,SI,SI
NAMATSUKE ROLL,SUSHI ROLLS,ROLLS,7787.61,8800,1806,SI,SI
MANHATTAN,BEBIDAS,COCTELES CLASICOS,5221.24,5900,0,SI,SI
AMARETTO SOUR,BEBIDAS,COCTELES CLASICOS,5486.73,6200,2238,SI,SI
TICO 75,BEBIDAS,COCTELES DE AUTOR,5929.2,6700,1781,SI,SI
TAKO ROLL,SUSHI ROLLS,ROLLS,7522.12,8500,1400,SI,SI
KARI KARI ROLL,SUSHI ROLLS,ROLLS,7433.63,8400,1540,SI,SI
JABALI SHOT,BEBIDAS,MEZCALES,5575.22,6300,4148,SI,SI
LICOR 43 SOUR,BEBIDAS,COCTELES CLASICOS,5575.22,6300,2800,SI,SI
TERIYAKI BENTO,GREENSEASON,BENTO BOX,1747.79,1975,700,SI,SI
VEGGIE BENTO,GREENSEASON,BENTO BOX,1747.79,1975,600,SI,SI
SATORI BENTO,GREENSEASON,BENTO BOX,1747.79,1975,1400,SI,SI
TONKATSU BENTO,GREENSEASON,BENTO BOX,1747.79,1975,800,SI,SI
DIRTY MARTINI TITOS,BEBIDAS,COCTELES CLASICOS,6371.68,7200,1189,SI,SI
CALAVERA NEGRA M,TSHIRTS,M,12389.38,14000,5000,NO,NO
MANITO GRIS S,TSHIRTS,S,12389.38,14000,5000,NO,NO
MIYAGHI LILA S,TSHIRTS,S,12389.38,14000,5000,NO,NO
HAPPY SUSHI S,TSHIRTS,S,12389.38,14000,5000,NO,NO
CALAVERA NEGRA S,TSHIRTS,S,12389.38,14000,5000,NO,NO
HAPPY SUSHI M,TSHIRTS,M,12389.38,14000,5000,NO,NO
MANITO ROSA M,TSHIRTS,M,12389.38,14000,5000,NO,NO
MANITO GRIS M,TSHIRTS,M,12389.38,14000,5000,NO,NO
MANITO ROSA L,TSHIRTS,L,12389.38,14000,5000,NO,NO
MIYAGHI LILA L,TSHIRTS,L,12389.38,14000,5000,NO,NO
HAPPY SUSHI L,TSHIRTS,L,12389.38,14000,5000,NO,NO
CALAVERA NEGRA L,TSHIRTS,L,12389.38,14000,5000,NO,NO
GIN TONIC HENDRICKS,BEBIDAS,COCTELES CLASICOS,6548.67,7400,3320,SI,SI
LOGO CREMITA S,TSHIRTS,S,12389.38,14000,5000,NO,NO
DARUMA BEIGE S,TSHIRTS,S,12389.38,14000,5000,NO,NO
DARUMA GRIS S,TSHIRTS,S,12389.38,14000,5000,NO,NO
DARUMA BEIGE M,TSHIRTS,M,12389.38,14000,5000,NO,NO
LOGO CREMITA M,TSHIRTS,M,12389.38,14000,5000,NO,NO
LOGO GRIS M,TSHIRTS,M,12389.38,14000,5000,NO,NO
DARUMA GRIS M,TSHIRTS,M,12389.38,14000,5000,NO,NO
LOGO CREMITA L,TSHIRTS,L,12389.38,14000,5000,NO,NO
LOGO GRIS L,TSHIRTS,L,12389.38,14000,5000,NO,NO
MIYAGHI LILA M,TSHIRTS,M,12389.38,14000,5000,NO,NO
CALAVERA NEGRA XL,TSHIRTS,XL,12389.38,14000,5000,NO,NO
JAGGER ROCKS,BEBIDAS,ON THE ROCKS,5752.21,6500,0,SI,SI
CALAVERA GRIS,T-GORRAS,CALAVERA,10619.47,12000,8000,NO,NO
CALAVERA VERDE,T-GORRAS,CALAVERA,10619.47,12000,8000,NO,NO
DARUMA GRIS,T-GORRAS,DARUMA,10619.47,12000,8000,NO,NO
DARUMA VERDE,T-GORRAS,DARUMA,10619.47,12000,8000,NO,NO
DARUMA AZUL,T-GORRAS,DARUMA,10619.47,12000,8000,NO,NO
LOGO VERDE,T-GORRAS,LOGO,10619.47,12000,8000,NO,NO
LOGO AZUL,T-GORRAS,LOGO,10619.47,12000,8000,NO,NO
SEÑOR MIYAGHI BW S,TSHIRTS,S,12389.38,14000,5000,NO,NO
CALAVERA CLARA M,TSHIRTS,M,12389.38,14000,5000,NO,NO
SUSHI FELIZ NEGRO Y ROJO L,TSHIRTS,L,12389.38,14000,5000,NO,NO
SEÑOR MIYAGHI BW XL,TSHIRTS,XL,12389.38,14000,5000,NO,NO
DARUMA BEIGE L,TSHIRTS,L,12389.38,14000,5000,NO,NO
DARUMA GRIS L,TSHIRTS,L,12389.38,14000,5000,NO,NO
DARUMA BEIGE XL,TSHIRTS,XL,12389.38,14000,5000,NO,NO
DARUMA GRIS XL,TSHIRTS,XL,12389.38,14000,5000,NO,NO
HAPPY SUSHI XL,TSHIRTS,XL,12389.38,14000,5000,NO,NO
LOGO CREMITA XL,TSHIRTS,XL,12389.38,14000,5000,NO,NO
LOGO GRIS XL,TSHIRTS,XL,12389.38,14000,5000,NO,NO
MANITO GRIS XL,TSHIRTS,XL,12389.38,14000,5000,NO,NO
MANITO ROSA XL,TSHIRTS,XL,12389.38,14000,5000,NO,NO
MIYAGHI LILA XL,TSHIRTS,XL,12389.38,14000,5000,NO,NO
PALOMA,BEBIDAS,COCTELES CLASICOS,5309.73,6000,950,SI,SI
PALOMA PATRON,BEBIDAS,COCTELES CLASICOS,5929.2,6700,1300,SI,SI
TINTO DE SATORI,BEBIDAS,COCTELES CLASICOS,3982.3,4500,0,SI,SI
COINTREAU,BEBIDAS,SHOTS,3097.35,3500,0,SI,SI
EXTRA QUESO CREMA,TAPAS ASIATICAS,TAPAS ASIATICAS,619.47,700,0,SI,SI
TANOSHI ROLL,SUSHI ROLLS,ROLLS,7699.12,8700,1692,SI,SI
SUSHI CLASSIC,SUSHI ROLLS,COMBOS,24070.8,27200,6916,SI,SI
ALL TUNA,SUSHI ROLLS,COMBOS,29557.52,33400,4027,SI,SI
SATORI MIX,SUSHI ROLLS,COMBOS,28761.06,32500,6675,SI,SI
SATORI SPECIALS,SUSHI ROLLS,COMBOS,32212.39,36400,7181,SI,SI
JABALI SHOT X 2,BEBIDAS,MEZCALES,10000.0,11300,8926,SI,SI
TOBALA JARRA 300,BEBIDAS,MEZCALES,38318.58,43300,22844,SI,SI
TOBALA JARRA 150,BEBIDAS,MEZCALES,20619.47,23300,11422,SI,SI
TOBALA SHOT X 2,BEBIDAS,MEZCALES,8230.09,9300,6853,SI,SI
COYOTE BOTELLA,BEBIDAS,MEZCALES,78761.06,89000,50000,SI,SI
CARPACCION DORADO,TAPAS ASIATICAS,PESCA LOCAL,6548.67,7400,2234,SI,SI
AGUA SAN BENEDETTO,BEBIDAS,BEBIDAS SIN ALCOHOL,3451.33,3900,1575,SI,SI
PAX,A PAX,COMENSALES,0.0,0,0,SI,NO
PREMIUM AÑO NUEVO,MENU AÑO NUEVO,COCTELES AN,0.0,0,0,SI,NO
